Unnamed: 0,Title,Price,Rating,Review Count,Description,Image_url,Department
11,Playtex Women's 18 Hour Active Breathable Comfort Wireless Bra Full Coverage Bra Smoothing Support,17.99,4.0,28045,"FOR WORKOUTS OR WORKDAYS - Designed for light-to-moderate workouts but comfy enough for the rest of your day.. HELPING YOU KEEP YOUR COOL - Cool Comfort moisture-wicking cups, an inner cooling band, and lightweight fabric for cool comfort all day long.. FAMOUS M-FRAME DESIGN - Flexibly supporting women in comfort for decades.. SUPERB WIRELESS SUPPORT - 4-way TruSUPPORT system provides higher sides for bulge control, fuller cups for natural shaping, wider, cushioned straps for all-day ease, and a smoother back for enhanced stability.. COMFORT EVERYWHERE - From the stretch sides and back to the soft-touch under band to the extra-wide, cushioned, no-slip straps that help to relieve shoulder strain.. THE BRA THAT DOES A DISAPPEARING ACT - Silky-smooth cups hide under tees and clingy clothes.. ",https://m.media-amazon.com/images/I/81ge1cTO7bL.__AC_SY445_SX342_QL70_ML2_.jpg,Girl Clothes
8,Real Essentials 5 Pack: Women's Short Sleeve V-Neck Activewear T-Shirt Dry-Fit Wicking Yoga Top (Available in Plus),34.99,4.5,24443,"Available In Both Regular & Plus Sizing,The Ideal V-Neck Short Sleeve Active Top for Yoga, Exercise, Fitness, Gym, Running, Any Type Of Workout Or Everyday Casual Use.. Providing four-way stretch, Dry-Fit sweat wicking fabric with bound edges and interlock seams, you won‚Äôt experience any chafing or rubbing. Banded V Neckline And Tag-Free Neck Label Offers You Maximum Comfort.. Flex Fabric Fits Any Cup Size & Straight Hem Designed For Tucked in or Un-tucked Look. Pair perfectly with your pants, leggings, shorts, shirts for a cool everyday look, make you more beautiful, sexy and elegant.. ",https://m.media-amazon.com/images/I/71ORtaoC8KL.__AC_SY445_SX342_QL70_ML2_.jpg,Girl Clothes
3,Under Armour Womens Tech V-Neck Twist Short-Sleeve T-Shirt,24.99,4.5,19580,"UA Tech fabric is quick-drying, ultra-soft & has a more natural feel. Material wicks sweat & dries really fast. 4-way stretch construction moves better in every direction. Under Armour‚Äôs mission is simple: to make you better.. Deep V-neck collar & slimmer fit deliver a sleek, more feminine silhouette. ",https://m.media-amazon.com/images/I/51tyrHxKMFL.__AC_SY445_SX342_QL70_ML2_.jpg,Girl Clothes
20,Legendary Whitetails Womens Cottage Escape Flannel Long Sleeve Plaid and Solid Color Clothes Fitted Button Down,28.99,4.5,13874,"[Fit & Sizing]: Our Cottage Escape Flannel Shirt offers a comfortable and stylish fit for all body types designed to fit true to size; for those with a larger bust, or wearning as a second layer, consider ordering a size up for a relaxed fit. [Quality & Comfort]: Our Women's Cottage Escape Flannel Shirt is made with beautiful brushed mid-weight 100 % top-quality cotton flannel, this yarn-dyed shirt offers lasting rich colors that promise quality and comfort that is soft to-the-touch. [Brand Promise]: Once you try it, other shirts won't compare; this ladies' elegant women‚Äôs plaid shirt design stays true to its images, ensuring you get exactly what you see, quality and authenticity in every stitch. [Elegant Design]: Dive into the rich, deep colors and classic design of our flannel shirt, loved and appreciated by many; our flannel ensures vibrant colors that won't fade over time; chambray lined collar and cuffs add a stylish touch and durability. [Perfect Length & Versatile Fashion]: Our flannel shirt features a curved hemline covering the hips and bottom, ensuring you feel comfortable and fashionable; features signature Legendary buttons, a full front button closure, and twin chest pockets. ",https://m.media-amazon.com/images/I/91DzVesL00L.__AC_SY445_SX342_QL70_ML2_.jpg,Girl Clothes
4,PUMA Women's Seamless Sports Bra,26.2,4.5,12758,moisture wicking. adjustable straps. removable cups. active stretch. Item styling: Regular. ,https://m.media-amazon.com/images/I/61m6pUnGuzL.__AC_SY445_SX342_QL70_ML2_.jpg,Girl Clothes
18,Fruit of the Loom Women's Built Up Tank Style Sports Bra Value Pack,16.84,4.5,11379,2-ply stretch construction. Tank style. Full coverage. Tag-free for comfort. Pull over style. ,https://m.media-amazon.com/images/I/51m+lGd0yDL._AC_SY445_SX342_.jpg,Girl Clothes
17,Champion Women's Sports Bra Infinity Racerback Moderate Support Seamless Sports Bra for Women,19.89,4.5,10522,"SUPPORT LEVEL ‚Äì Moderate support sports bra for women provides the perfect amount of support for jogging, gym workouts, and cycling.. THE FEEL - A soft sports bra with double layered fabric that supports without the squeeze. Racerback sports bra with fixed straps feels easy on skin. Great for moderate impact exercise.. THE SHAPE - This sports bra does not contain pads or cups.. THE CLOSURE - Classic pullover design for easy-on, easy-off changing.. DON‚ÄôT SWEAT THE SWEAT - This women‚Äôs sports bra has Double Dry moisture-wicking technology to keep you dry during and after your workout. Meshed lined silhouette provides additional ventilation.. THE INFINITY BRA - A soft and seamless sports bra with moderate support and all-over stretch designed to help minimize chafing.. ",https://m.media-amazon.com/images/I/91Gi8EDoD7L.__AC_SY445_SX342_QL70_ML2_.jpg,Girl Clothes
51,Glamorise Women's Plus Size Hi-Impact Sports Bra Underwire #9066,32.8,4.0,7570,WONDERWIRE TECHNOLOGY: A padded underwire adds an extra layer of cushion to prevent wire poke.. SEAMLESS CUPS: Non-stretch double layer cups contain the bust securely.. MOISTURE WICKING: High-performing sweat-wicking fabrics keep you cool and dry.. EASY ON & OFF: Stay-in-place back with 3 column & 3 row hook-and-eye closure increases with size.. DESIGNED IN NEW YORK SINCE 1921: We have over 100 years experience crafting bras for curvy women.. ,https://m.media-amazon.com/images/I/8121pmHLi9L.__AC_SY445_SX342_QL70_ML2_.jpg,Girl Clothes
24,Nike Women's Victory Compression Sports Bra,38.0,4.5,6023,"COMPRESSION & SUPPORT: The Nike sports bra for women utilizes a snug compression fit, providing medium support for a variety of training activities.. RACERBACK DESIGN: Straps create stabilizing tension, helping to minimize bounce during multidirectional movement. The sports bras' racerback straps allow for a full range of motion.. JERSEY MATERIAL: The Nike sports bra has an outer body and inner lining made of jersey material. The sports bra pulls sweat away from the skin to keep you dry and comfortable.. COMFORTABLE FIT: The women's sports bra has an elastic encased chest band that feels soft against the skin and provides a secure and comfortable fit.. NIKE SPORTS BRA: Machine wash, imported, fabric: 88% polyester/12% spandex. Recommended for female athletes who wear an A, B, C or D bra cup size. There are no removable pads.. ",https://m.media-amazon.com/images/I/51+SKBZO7cL._AC_SX342_SY445_.jpg,Girl Clothes
54,Women's UPF 50+ Short Sleeved Active Swim Shirt Rashguard & Workout Top,18.56,4.5,3777,UPF 50+ Sun Protection. Loose-fitting swim tee featuring round neckline and short sleeves. Strecth Fabric. ,https://m.media-amazon.com/images/I/91gWoHEtUWL.__AC_SY445_SX342_QL70_ML2_.jpg,Girl Clothes
50,Wacoal Womens Perfect Primer Underwire Bra,70.0,4.5,2624,"Full figure, full coverage underwire bra. Cups of smooth two-ply fabric for superior support. Hidden inner sling for natural shaping and support. Hidden underwire for added comofrt. Additional layer of fabric in back and band for enhanced support in larger sizes. Kicked in back straps minimize slipping, are stretch comfort & fully adjustable. ",https://m.media-amazon.com/images/I/811uMJ5plXL.__AC_SY445_SX342_QL70_ML2_.jpg,Girl Clothes
29,Kanu Surf Womens Plus-Size Upf50Active Rashguard & Workout Top,19.31,4.0,2544,Rashguard top in stretch fabrication featuring elbow sleeves and raglan coverlock seams. UPF 50+ sun protection. Stretch fabric for comfortable movement with maximum recovery. Signature-soft blend of lightweight and breathable fabric is designed for all-day comfort.. ,https://m.media-amazon.com/images/I/81pVK3mzWoL.__AC_SY445_SX342_QL70_ML2_.jpg,Girl Clothes
77,Under Armour Men's Tech 2.0 Short-Sleeve T-Shirt,10.22,4.5,91539,"UA Tech is our original go-to training gear: loose, light, and it keeps you cool. That's why this men's training T-shirt is everything you need.. Loose: Fuller cut for complete comfort.. Material wicks sweat & dries really fast. ",https://m.media-amazon.com/images/I/810Scj-0BxL.__AC_SX342_SY445_QL70_ML2_.jpg,Men Clothes
79,Real Essentials 5 Pack: Men‚Äôs Short Sleeve Dry Fit Active Crew Neck T Shirt - Athletic Running Gym Workout Tee Tops,34.99,4.5,87981,"ACTIVE CREW T-SHIRTS: Elevate your workout gear with our pack of 5 men's athletic workout shirts. These shirts provide the perfect blend of comfort and performance, whether you're in the gym, running on the track, or just doing errands. ATHLETIC STYLE: Look and feel great in the gym with our pack of 5 active workout t-shirts in solid colors. Perfect for layering or wearing alone, these shirts will give you the confidence you need to excel your workouts and lead in the gym.. WORKOUT TRANSFORMER: Say goodbye to sweaty T-shirts with our quick-drying dry-fit fabric that wicks away moisture and keeps you cool and dry. The breathable dry fit material easily cools heat and feels super-soft on your skin. WORKOUT WITH FREE MOTION: Enjoy a non-restrictive cut and 4 way stretch construction that allows for optimal range of motion, so you can tackle any activity with ease. Our shirts also feature a tag-free neckline for pure comfort training. GYM STAPLES FOR MEN : Add some style to your gym wardrobe with our stylish and vibrant men‚Äôs athletic crewneck shirts. Designed with your comfort and performance in mind, these shirts are a true classic that will never go out of style.. ",https://m.media-amazon.com/images/I/91FcSGFvMFL.__AC_SY445_SX342_QL70_ML2_.jpg,Men Clothes
163,Amazon Essentials Men's Performance Tech Loose-Fit Shorts (Available in Big & Tall) Pack of 2,24.7,4.5,68240,"RELAXED FIT: Our most generous shorts fit, relaxed through the hip, thigh, and leg. Sits below the waist.. PERFORMANCE TECH FABRIC: An ultra-lightweight and breathable fabric, with a soft finish. Made with quick dry and moisture-wicking finishes, helping you stay comfortable and cool while you workout. This honeycomb texture knit fabric has a 4 way gentle stretch for full flexibility during wear.. BASKETBALL SHORTS: Mix and match your wardrobe with these effortless shorts, perfect for the studio or everyday comfort. These shorts are designed to sit just above the knee. Whether you're heading out for a jog, a quick game of basketball or running errands with the kids, our apparel is made to work out, live in, and lounge.. DETAILS: Featuring an adjustable elasticated waistband with drawcord , for additional security during workouts.. INSEAM LENGTH: 8"" on US size M. ",https://m.media-amazon.com/images/I/91krECqo0PL.__AC_SY445_SX342_QL70_ML2_.jpg,Men Clothes
126,Real Essentials 5 Pack: Men's Dry-Fit Sweat Resistant Active Athletic Performance Shorts,35.99,4.5,67213,"Get ready to upgrade your activewear game with our pack of Men's Dry Fit Shorts! Our design features a 9-inch inseam and a stretchy material that allows for full range of motion, beating out the competition in both style and comfort.. Say goodbye to soaking wet shorts during intense workouts, with our moisture-wicking Dry Fit technology. You'll stay cool, comfortable, and confident no matter what activity you're doing.. Our shorts feature a blend of polyester and spandex, providing a lightweight, breathable and quick-drying experience. Perfect for basketball, soccer, running, or any other sport or workout.. Available in classic black, white, navy blue, and gray, these shorts are perfect for any occasion. Whether you're running errands or hitting the gym, you'll look and feel your best.. At Real Essentials, our mission is to provide affordable, high-quality clothing options for hard-working families. We stand behind our products and are committed to ensuring that every customer is completely satisfied with their purchase.. ",https://m.media-amazon.com/images/I/71bOzZI0C4L.__AC_SY445_SX342_QL70_ML2_.jpg,Men Clothes
108,Under Armour Men's UA Tech‚Ñ¢ Graphic Shorts,17.5,4.5,65448,"UA Tech fabric is quick-drying, ultra-soft & has a more natural feel. Material wicks sweat & dries really fast. Encased elastic waistband with internal drawcord. Mesh hand pockets. Inseam: 1"". ",https://m.media-amazon.com/images/I/71BAZfY13+L._AC_SX342_SY445_.jpg,Men Clothes
92,Real Essentials 3 & 5 Pack: Men's Mesh Athletic Performance Gym Shorts with Pockets (S-3X),26.99,4.5,62689,"Designed for Comfort and Performance: Our Men's Mesh Athletic Shorts are made with a breathable and moisture-wicking fabric that keeps you cool and dry during any activity. With an adjustable drawstring waist and a comfortable fit, these shorts are perfect for any workout or athletic event, like a basketball game or running.. Enjoy Versatility and Convenience: With our 3-pack or 5-pack of Men's Mesh Shorts, you can enjoy the benefits of having multiple pairs of high-quality shorts at an affordable price. These shorts are perfect for any activity, from basketball and soccer to running and fitness. Plus, with pockets included, you can carry your essentials with you wherever you go.. Features You'll Love: Our Men's Mesh Shorts feature a quick-dry fabric that ensures you stay dry and comfortable all day long. These shorts also have a stretchy and loose 9-inch inseam design that provides maximum range of motion and flexibility. Plus, the variety of colors allows you to mix and match with any shirt or athletic gear.. A Great Gift Idea: Looking for the perfect gift for the sporty man in your life? Our 5-pack of Men's Mesh Shorts is an excellent choice. With a variety of colors and sizes to choose from, these shorts make a practical and stylish gift for any occasion.. Real Essentials' Commitment to the Family: At Real Essentials, we believe in providing high-quality clothing options for hard-working families at an affordable price. Our 3-pack or 5-pack of Men's Mesh Shorts takes your dollar further, giving you multiple options for any activity. Whether you're hitting the gym or just lounging around, our Men's Mesh Shorts are the perfect addition to your activewear collection.. ",https://m.media-amazon.com/images/I/71e2u3k31kL.__AC_SY445_SX342_QL70_ML2_.jpg,Men Clothes
97,Under Armour Men's Tech Golf Polo,28.0,4.5,54209,"Textured fabric that's soft, light & breathable. Material wicks sweat & dries really fast. 3-button placket. Self-fabric collar. Loose: Fuller cut for complete comfort.. ",https://m.media-amazon.com/images/I/71uXpzMg5PL.__AC_SY445_SX342_QL70_ML2_.jpg,Men Clothes
96,Real Essentials 4 Pack: Men's Dry-Fit UV Moisture Wicking UPF 50+ SPF Sun Protective Fishing Hiking Swim Long Sleeve Shirt,34.99,4.5,49900,"Stay Cool and Dry: Our men's long sleeve active dry fit shirts are designed for athletes and fitness enthusiasts, with moisture-wicking technology to keep you comfortable during your workouts.. Versatile Performance: Whether you're hitting the gym, going for a run, or just need an undershirt, our full t-shirts offer quick-dry functionality and are perfect for all your active needs.. Ultimate Sun Protection: These shirts feature UPF protection, making them great for outdoor activities like fishing or running, while the cool sun protection technology keeps you comfortable in the heat.. Durable and Stylish: With a range of colors including white, black, and more, our shirts are suitable for work, casual wear, or as a base layer. They come in a pack, ensuring you're always prepared.. Unmatched Quality and Value: Explore our range of athletic shirts for men, designed for performance and style. Whether you need a workout companion or a casual option, our shirts offer exceptional quality.. ",https://m.media-amazon.com/images/I/81GcpDSLiuL.__AC_SY445_SX342_QL70_ML2_.jpg,Men Clothes
136,"Hanes Men's Athletic Shorts Favorite Cotton Jersey Shorts Pull-On Knit Shorts with Pockets Knit Gym Shorts 7.5"" Inseam",10.0,4.5,46854,"COMFORTING COTTON - Pure cotton jersey that's as soft as your favorite tee shirt.. EASE AT THE WAIST - An elasticized pull-on waist with an interior drawstring is all about comfort.. HANDY SIDE POCKETS - Who could live without pockets for your essentials?. VERSATILE LENGTH - Mid-thigh length with a 7.5"" inseam, perfect for working out or hanging out.. THE COLORS YOU WANT - Available in a range of the neutral colors guys want.. QUALITY FABRIC - Hanes jersey shorts with pockets are made of 100% cotton (light steel: 90% cotton/10% polyester; charcoal heather, camo green heather: 50% cotton/50% polyester).. ",https://m.media-amazon.com/images/I/71kNczpdIDL.__AC_SY445_SX342_QL70_ML2_.jpg,Men Clothes
85,5 Pack Men‚Äôs Active Quick Dry Crew Neck T Shirts | Athletic Running Gym Workout Short Sleeve Tee Tops Bulk,39.95,4.5,41101,"ATHLETIC CREWNECK SHIRTS: Elevate your workout gear with our pack of 5 premium men's athletic crewneck shirts. These shirts provide the perfect blend of comfort and performance, whether you're pumping iron, hitting the track, or just running errands.. ACTIVE STYLE: Look and feel great in the gym with our set of 5 premium athletic crewneck t-shirts in solid colors. Perfect for layering or wearing solo, these shirts will give you the confidence you need to crush your workouts and stand out in the gym.. GAME CHANGER: Say goodbye to sweaty, uncomfortable shirts with our quick-drying fabric that wicks away moisture and keeps you cool and dry. The breathable material easily dissipates heat and feels ultra-soft on the skin.. MOVE WITH EASE: Enjoy a non-restrictive cut and 4-way stretch construction that allows for optimal range of motion, so you can tackle any activity with ease. Our shirts also feature a tag-free neckline for distraction-free training.. MEN'S GYM STAPLES: Add some flair to your gym wardrobe with our stylish and vibrant athletic crewneck shirts. Designed with your comfort and performance in mind, these shirts are a true classic that will never go out of style.. ",https://m.media-amazon.com/images/I/71G4kkPdU-L.__AC_SX342_SY445_QL70_ML2_.jpg,Men Clothes
118,Champion Men'S Pants Lightweight Open-Hem Lounge Pants For Men Jersey Pants (Reg. Or Big & Tall),18.04,4.5,39764,"THE FIT - Standard-fit men's lounge pants with a 32.5"" inseam.. THE FEEL -These pants are made from soft 6.1 oz. cotton or a cotton blend that is perfect for everyday wear.. THE LOOK - An open-hem creates a laid-back, roomy fit you'll love.. ADDED COMFORT - These men's pants have an internal drawcord for adjustability and comfort.. POCKETS - Two deep side pockets hold lightweight tech.. Note: C logo patch color may vary from image.. ",https://m.media-amazon.com/images/I/61jXBNogwNL.__AC_SY445_SX342_QL70_ML2_.jpg,Men Clothes
109,Lexiart Mens Fashion Athletic Hoodies Sport Sweatshirt Solid Color Fleece Pullover,23.98,4.0,30275,"The Main Fabric Content: Cotton Blend. Occasion: Casual,Outdoor,School,Sport,Bodybuilding,Fitness. Feature:High Quality,Long Sleeves,Soft,Breathable,Avoid Shrinkage,Printing,Solid Color. Size: Please check seller size chart before order. This Mens Athletic Hoodie is perfect for both machine washing and hand washing. ",https://m.media-amazon.com/images/I/71eCUo9NGUL.__AC_SY445_SX342_QL70_ML2_.jpg,Men Clothes
394,THE GYM PEOPLE High Waist Yoga Shorts for Women's Tummy Control Fitness Athletic Workout Running Shorts with Deep Pockets,19.99,4.5,27937,"[Premium&Comfortable Material] - Non see-through, moisture wicking, quick-dry,breathable and 4-ways stretchy premium fabric. No deforming even after washes.. [Deep Two Side Pocket] - There are 2 pockets so that you can put your phone in there. If you like listening music when you are walking or running, these 2 pockets will keep your phone or ipod well.. [Keep Perfect Shape] - High-waisted style with tummy control design. Wide waistband contours body curves and streamlines shape help to promote yoga shorts both compression and support.. [Fit For Most Occasions] - Our Running shorts combine fashion,function,and of the highest quality, prefect for yoga, exercise, fitness, pilates, running, or any type of exercise or fitness-related activities.. Please Check the Size Chart (Last Image) Before Ordering, Please Note: Color May Vary Slightly From Image.and dont worry about size promble , you can through Online Returns Center exchange it if the Yoga Shorts size dont fit. ",https://m.media-amazon.com/images/I/71sb3ReFf+S._AC_SX342_SY445_.jpg,Sport Accessories
366,Under Armour Women's Fly by 2.0 Running Shorts,18.88,4.5,24523,"Lightweight woven fabric delivers superior comfort & durability. Material wicks sweat & dries really fast. Super-breathable mesh panels dump excess heat. Built-in brief for enhanced coverage. Ultra comfortable, soft knit waistband with internal drawcord. Crossover, shaped hem for a streamlined look. ",https://m.media-amazon.com/images/I/71GELRNn6cL.__AC_SY445_SX342_QL70_FMwebp_.jpg,Sport Accessories
357,FAGUMA Sports Polarized Sunglasses For Men Cycling Driving Fishing 100% UV Protection,18.97,4.5,23692,"HD POLARIZED LENSÔºöOffering 100% UV Protection,eliminate reflected light and scattered light,cut glare and protect eyes perfectly.. ULTRALIGHT,STYLISH,DURABLEÔºöLightweight design is ideal for usage by motorcycle and cycling,driving,running,fishing, climbing,trekking or other outdoor activities enthusiasts.stylish design,with rich color combinations of frames and lens.. 30 DAYS MONEY BACK GUARANTEEÔºö100% satisfaction guaranteed. So, if you're not completely happy with your purchase within the first 30 days, just let us know.we will provide you the best service!. ",https://m.media-amazon.com/images/I/71PS3xB0OJL.__AC_SX395_SY395_QL70_FMwebp_.jpg,Sport Accessories
409,Evercute Cross Back Sport Bras Padded Strappy Criss Cross Cropped Bras for Yoga Workout Fitness Low Impact,39.99,4.5,16325,"‚òÄMultiple Colors Package For Choose: Our active cute sports bras for women have many colors. You can select 2 pack, 3 pack,4 pack and 5 pack according to you need. Kindly Note: S fits for 30B 30C 32A 32B 32C ; M fits for 32D 34A 34B 34C 34D ; L fits for 32DD 34DD 36A 36B ; XL fits for 36C 36D 36DD 38A 38B 38C ; XXL fits for 38D 38DD 40A 40B 40C 42A 42B. ( *Warm Tip: Hand wash and air dry is recommended for longer life of the fabric*). ‚òÄ4-Way Stretch Breathable FabricÔºöThese cropped seamless workout bras are made of high elastic upgraded fabric (90% Nylon and 10% Spandex).Upgraded fabric is very flattering,soft,sweating-wicking and 4-way stretch,can make sure full cover of your body,feel like your second skin to keep you cool and comfortable.Don't worry about they moves when you put on these strappy athletic bras because the widen thick band underneath the breast ensures tight security that fits a range of movement.. ‚òÄCute Crisscross Design: These crisscross althletic bras with strappy back style always keeping your perfect shape. Strappy bralettes look very beautiful with high waist leggings, workout pants or the top with high waisted jeans and accessories as well!. ‚òÄRemovable Soft Pads: soft pads for the bralettes portion can be removed when you need wash. This sexy athletic bra cup pad can be easy to put in and out. The top is flattering in the chest area, isn't too low or too high and there's plenty of comfortable space for the girls to breathe.. ‚òÄMultifunctional Bra: you can wear this cross open back top bra in any different occasions. The wireless cute sports bra is ideal for low to medium impact activities like yoga, pilates, walking, running, dance, gym class and everyday wear. Also can be makes a great leisure or sleep bra.. ",https://m.media-amazon.com/images/I/71i3Rlv8AiL.__AC_SY445_SX342_QL70_FMwebp_.jpg,Sport Accessories
361,CelerSport 6 Pack Men's Ankle Socks with Cushion Sport Athletic Running Socks,14.99,4.5,15958,"Non Slip Off: Proper compression band designed in arch fits the individual shape of your foot, hugs your foot evenly to keep the sock in position in your shoe. The elastic band holds the mens ankle sock tightly around your ankle, in order to prevent athletic sock sliding from your daily walk, running, cycling, hiking, tennis.. Awesome Fit for Running: These mens running socks are made of combed cotton. Cushion on the toe and in bottom with thicker yarn , reduces the impact and friction when your move, and prevent the mens socks from broken. Seamless on the toe can eliminate the friction to prevent blister.. BreathableÔºöThese womens ankle socks have better air permeability compared with polyester fiber; These mens ankle socks are in good performance on moisture absorption , they can be dry whole day; Mesh ventilation in arch can release the heat and keep your foot at the moderate temperature.. 3 Sizes To Choose: Different from the white socks only one size on the market, we have 3 sizes from M to XL in Black, White, Grey for options to meet the demands of you as well as your family and your friends. You will find what you need in this style.. CelerSport Best Customer Service: Order now and find the different on your feet. you will be 100% satisfied with our womens socks! If you have any problem in size, or if you have any quality problem, please contact us, we will send a replacement to you or we will refund you. We only want to give you the best service!. ",https://m.media-amazon.com/images/I/81gMjYJA4RL.__AC_SY445_SX342_QL70_FMwebp_.jpg,Sport Accessories
352,Under Armour Men's Performance Headband,5.99,4.5,15563,Headband/sweatband constructed in multi-channel performance fibers. Moisture Transport System wicks sweat away from the body. Embroidered UA logo. ,https://m.media-amazon.com/images/I/61XIcyeE0oL.__AC_SX342_SY445_QL70_FMwebp_.jpg,Sport Accessories
379,Water Shoes for Women Men Quick-Dry Aqua Socks Swim Beach Barefoot Yoga Exercise Wear Sport Accessories Pool Camping Must Haves Adult Youth Size,7.99,4.5,10672,"ùóñùó¢ùó†ùóôùó¢ùó•ùóßùóîùóïùóüùóò- Athmile water socks are made of breathable,quick-dry and elastic fabric.And its thick insole make you feel great soft when you are in a happy outdoor time.. ùó£ùó•ùó¢ùóßùóòùóñùóßùóúùó©ùóò - Water shoes for men women are made available for both water use and dry land.The special anti-slip sole can not only protect your feet from sharp things like rocks,shells and gravel,but also prevent burns from hot sand in beach or water park.And beach shoes' smooth neck design would take care of your ankles.. ùóñùó¢ùó°ùó©ùóòùó°ùóúùóòùó°ùóñùóò & ùóóùó®ùó•ùóîùóïùóúùóüùóúùóßùó¨ - Our swim shoes are lightweight, flexible and foldable,really easy to put on and carry out.Compared with ordinary beach aqua socks,the special thick sole design can effectively help the upper not easy to be damaged and more durable.. ùó¢ùóñùóñùóîùó¶ùóúùó¢ùó°ùó¶ - The Athmile socks shoes of summer stuff are suitable for beach,swimming,yoga,surfing,pool,lake fishing,water park,boating,camping and other outdoor activities.. ùó©ùóîùó•ùóúùó¢ùó®ùó¶ ùó¶ùóßùó¨ùóüùóò & ùó¶ùóúùó≠ùóò - There are a variety of colorful styles for you to choose.And our barefoot shoes of beach accessories have lots of size suited for men,women,boys,girls.. ",https://m.media-amazon.com/images/I/61E-zeL7BdL.__AC_SX395_SY395_QL70_FMwebp_.jpg,Sport Accessories
347,Nike Dri-Fit Head Tie Headband,9.21,4.5,8154,"Sweat-wicking material with Dry-Fit technology to help keep you dry and comfortable. Adjustable tie for a personalized fit. 2. 5"" width, 39"" length. Machine wash. Famous SWOOSH logo. ",https://m.media-amazon.com/images/I/51ELmhWHdWL.__AC_SY445_SX342_QL70_FMwebp_.jpg,Sport Accessories
348,Under Armour Men's 3-inch Performance Wristband 2-Pack,6.99,4.5,7114,Headband/sweatband constructed in multi-channel performance fibers. Moisture Transport System wicks sweat away from the body. Embroidered UA logo. Sold in pairs. Width: 3. ,https://m.media-amazon.com/images/I/61oZesytuUS.__AC_SY445_SX342_QL70_FMwebp_.jpg,Sport Accessories
354,adidas Unisex-Adult Alphaskin Tie Headband,9.99,4.5,6304,Two-layer mesh tie band is one size fits all for any athlete or sport.. Mesh provides ultimate air flow and moisture-wicking.. Centerfront screen print badge of sport logo.. ,https://m.media-amazon.com/images/I/71TPE88KktL.__AC_SY445_SX342_QL70_FMwebp_.jpg,Sport Accessories
369,DRESHOW 4 Pack Headbands for Women Yoga Knotted Headbands Elastic Criss Cross Hair Accessories Sports Head Wrap Non Slip,9.99,4.5,6263,"GOOD and bad hair days how to wear them, Fabric hair bands that are comfortable and versatile, Without getting a headache from plastic ones. DRESHOW headbands keep your head warm without totally messing up your hairstyle.. MATERIAL: 69% Cotton, 26% Nylon, 5% Rubber. Easy care machine washable, Lay Flat to Dry. Provide Excellent Performance for Absorbency, Wicking, Durability and Abrasion Resistance.. SIZE: girth 17""; wide 3""-4.5"", length 9.4"" can be stretched up to 12""; wide headbands one size fit most, elastic, very soft and stretchy.. VINTAGE design Boho Flower printed hightlight these boutique headbands'elegant and attractive charming features, hair accessories funny girl bands are perfect for daily Wear SportsÔºàYoga / Running / Hiking / Jogging / Cycling etc.Ôºâ, Going out, Beach, Teams, Clubbin, Prom, Party Favors, when you want to keep your hair from being messy, can dress them all different ways with hair scrunchies.. Package includes: 8 pack cute head bands.. ",https://m.media-amazon.com/images/I/71dQrPhG2RL.__AC_SY445_SX342_QL70_FMwebp_.jpg,Sport Accessories
382,BAGSMART Women Tote Bag with Zipper Gym Bag Laptop Shoulder Handbag Nurse Yoga Bag with Yoga Mat Buckle for SportsWork,30.39,4.5,4823,"Generously Sized: 16'' x 6''x 13''; Fits 15.6 inch laptop, tablets, iPad, magazines and more. Ultra Lightweight: Weighs only 1.3 pounds, lightweight and soft nylon fabric makes carrying more comfortable. Yoga Mat Strap Included: Yoga mat buckle makes it easy to carry your yoga mat. The most convenient way to carry your yoga mat. Large Capacity: Spacious compartment can hold your clothes, cosmetics, documents and other items you need. Side easy access pockets for your water bottle, umbrella, etc. Versatile Tote: It can be used as a work bag, laptop bag, gym bag, tote bag, casual shoulder bag, or travel bag. Suitable for work, travel, shopping, gym and more occassion. Easy shopping, you rest assured, we are more comfortable! Shopping without worrying about after-sales service, if there is any quality problems, we will unconditionally provide refunds or replacement services, to ensure that you are satisfied until, look forward to working with you!. ",https://m.media-amazon.com/images/I/71tbo5-aEKL.__AC_SY445_SX342_QL70_FMwebp_.jpg,Sport Accessories
439,Fruit of the Loom Women's Built Up Tank Style Sports Bra,14.94,4.5,47232,2-ply stretch construction. Tank style. Full coverage. Tag-free for comfort. Pull over style. ,https://m.media-amazon.com/images/I/71K03e4o4UL.__AC_SX342_SY445_QL70_FMwebp_.jpg,Sport Equipment
423,BALENNZ Athletic Shorts for Men with Pockets and Elastic Waistband Quick Dry Activewear,43.99,4.5,20676,"BOOST PERFORMANCE: We use soft fabric to bring you sports shorts for men that offer just the right balance of softness, breathability, and stretchiness to keep you comfortable throughout your workouts. 10-INCH INSEAM: Whether you're working out at the gym or running on the track, our men's gym shorts have you covered. They are suitable for all your sports and workout activities including gym, cycling, running, basketball, football, tennis and more. POCKETS ON BOTH SIDES: Thanks to the hand pockets, you can easily carry your wallet, smartphone, and other small accessories when working out or traveling. These mens athletic shorts can be paired up with other clothing to create your own look. BREATHABLE & QUICK DRYING: Our breathable sports shorts for men wick moisture away from the skin while being gentle and quick-drying so you can workout, train and push your limits while staying comfortable and feeling dry. GET THE RIGHT FIT: Our men's workout shorts feature an encased elastic waistband which coupled with the inner drawcord makes sure you get the great fit every time. Our shorts stay comfortably in place whether running or training without sliding up or down. ",https://m.media-amazon.com/images/I/61vVXZTa74L.__AC_SY445_SX342_QL70_FMwebp_.jpg,Sport Equipment
416,AUROLA Intensify Workout Shorts for Women Seamless Scrunch Short Gym Yoga Running Sport Active Exercise Fitness Shorts,19.99,4.5,13983,"Energetic Collection Shorts:New touch feeling Mix Intensify and Dream material. 7.5cm Ôºà2.95 inchesÔºâMiddle waist band will fit you better. 66% Nylon, 20% Polyester, 14% Spandex Material,Great stretch for GYM. ou will love our Shorts once you put them on and experience a perfect combination of softness and stretchiness.. Your satisfaction is our topmost priority. We are very like to hear from you.. ",https://m.media-amazon.com/images/I/51XFlv87G2L.__AC_SY445_SX342_QL70_FMwebp_.jpg,Sport Equipment
458,"YOLIX 3 Pack Biker Shorts for Women ‚Äì 8"" Black High Waisted Workout Athletic Cheerleading Yoga Shorts",17.99,4.5,12017,"Affordable & Fashion - Say goodbye to boring biker shorts, Yolix stretch workout shorts with pockets of 3 are designed as affordable and accessible yoga shorts for women. Our fashion spandex shorts great for any active wear or also for layering. Side Pockets are not only stylish but can also store your mobile phone keys etc.. Various Colors, Fit All Occasion - Our biker shorts women with pockets are available in a wide range of colours. Made for women, maternity, and ladies wear under dresses, gives you a sense of security. If you‚Äôre looking for the perfect pair of shorts to wear on your yoga, biking, fitness, running, athletic, activewear, stay at home, any type of workout or casual use, it must be the best choice.. High Waisted & Soft - YOLIX biker shorts craft in butter soft, comfortable. When you wear it for daily activities, you will not feel the itching caused by base of thigh or friction at all. Our high waisted women‚Äôs biker shorts offers gentle compression to provide tummy control.. 4 Way Stretch & Non See-Through - YOLIX stretchy gym shorts women are characterized by high elastic material and can be stretched to 4-way, the advanced workmanship make it opaque. This opaque, non see through fabric can be worn on own.. Easy Care & Customer Service - Wash with like color. After wearing it, put it in the washing machine to easily solve the laundry problem without taking up your time and energy. If you have any questions or concerns, please don't hesitate to get in touch with us.. ",https://m.media-amazon.com/images/I/71jr7X5Y6hL.__AC_SY445_SX342_QL70_FMwebp_.jpg,Sport Equipment
426,THE GYM PEOPLE Womens High Waisted Running Shorts Quick Dry Athletic Workout Shorts with Mesh Liner Zipper Pockets,25.99,4.5,10578,"Built-in Liner: The Running Shorts are double-layered Design. Inner Lightweight Liner offers extra coverage. Outer layer has side slit design provide greater range of movement and breathable function.. Utility Pockets: Hidden waistband pocket, keeping your keys and cards within reach. Back waistband zipper pocket to store your essentials properly, no worries when workout.. High Waisted Design: The Workout Shorts with Wide Elastic Waistband provides tummy control and offering stay-put coverage as you move.. Quick-Dry Fabric: The Summer Gym Shorts made with 4-Way-Stretch, and moisture-wicking fabric. Skin friendly and durable to keep you comfortable and focused during workout.. Occasion: The Athletic Shorts perfect for all kinds of sports, such as running, workout, gym, fitness, jogging, volleyball and even relaxing at home.. ",https://m.media-amazon.com/images/I/61UiUCtVOYL.__AC_SY445_SX342_QL70_FMwebp_.jpg,Sport Equipment
442,"Heavy Duty Cargo Duffel Large Sport Gear Drum Set Equipment Hardware Travel Bag Rooftop Rack Bag (36"" x 17"" x 17"" Navy)",33.99,4.5,5843,"**Quality Large Duffel Bags are BIG**, please choose the right size for you. DIM: 36"" x 17"" x 17"". Durable Big Cargo Rack Roofbag with High Quality Adjustable/removable shoulder strap with Anti-Slip shoulder pad and Extra Heavy Duty metal hardware.. Heavy Duty Travel Bag made in High Density water resistant material to stay wear and tear handling.. Large Gym Bag with Super thick and wide handles with padded fabric grab/wrap.. Premium Sport Gear Equipment Ball Bag. Do NOT drag the bag on ground to avoid damage. For heavy load, use Self Fabric handle on both ends for team lifting the large heavy duty bag.. ",https://m.media-amazon.com/images/I/71WTYNl86AL.__AC_SY300_SX300_QL70_FMwebp_.jpg,Sport Equipment
449,JWJ Men's 2 in 1 Workout Running Shorts 7 Inch Lightweight Athletic Gym Shorts with Compression Liner,16.99,4.5,4499,"2-IN-1 DESIGN: Outer layer of this mens workout running shorts is 100% polyester mesh fabric, perfectly anti-pilling and breathable. The built-in workout shorts compression liner is 20% spandex and 80% polyester, elastic and skin-friendly enough for muscle healing.. SIZE: This running shorts dimensions are actually measured. Please check the size chart picture in the left column before purchase. Because of its elastic effect, 1 size up recommended if you prefer loose fit.. FUNCTIONS: With this athletic shorts, you can put any kinds of cellphones into the liner pocket and enjoy music through a unique headphone hole while doing sports; No need to find your towel everywhere, keep it in the towel loop and ready to use; Except 2 slash pockets, an extra small pocket with a zipper can protect your car key, cash, and other valuables.. FEATURES: 7"" inseam gym shorts, made of high quality fabric, lightweight and quick dry sports wear, retains shape even after multiple wash. Elastic waistband and drawstring make you feel comfortable and prevent the basketball shorts from sliding down.. SPORTS: When you are doing yoga, going jogging or having a long run, even a tough game, etc. the compression lining with supper flexibility will support your muscles well and inspire your full range of potential.. ",https://m.media-amazon.com/images/I/61TCBlC5FQS.__AC_SY445_SX342_QL70_FMwebp_.jpg,Sport Equipment
454,MCPORO Mens Athletic Shorts with Pockets Quick Drying Activewear for Gym Workout,11.99,4.5,3756,"ENJOY YOUR WORKOUTS: Our soft workout shorts for men are made to offer you just the right support along with comfort and breathability to provide the perfect fit for all your fitness activities like gym, workouts, exercises, and more. BREATHABLE & QUICK DRYING: We made our workout shorts for men using breathable fabric that wicks moisture away from the skin and absorbs it. The shorts are quick drying to make sure you stay comfy and dry throughout the day. 10-INCH INSEAM: Whether it‚Äôs training or just daily workouts, our men‚Äôs athletic shorts have you covered. They are ideal for running, fitness, weightlifting, basketball, jogging, backpacking, cycling, and any other outdoor activity you have in mind. CARRY WHAT YOU NEED: The basketball shorts for men feature deep pockets on each side that give you plenty of space to safely carry your smartphone, wallet, keys, cards, and other accessories whether lounging at home, working out, or running on the track. ADJUSTABLE DRAWSTRING: Thanks to the elastic waistband coupled with the adjustable drawstring, our men running shorts make sure you get the perfect fit every time. The sports shorts for men stay securely in place all day so you can comfortably move around. ",https://m.media-amazon.com/images/I/71Fs97Y6j7L.__AC_SY445_SX342_QL70_FMwebp_.jpg,Sport Equipment
485,Dolphin Shorts for Teen Girls & Women Cotton Running Gym Workout Yoga Sport Performance Short with Pockets,28.19,4.0,2534,"‚ô• Small for 88-104lb, Medium for 104-115lb, Large for 116-132lb, X-Large for 132-143lb. For women S=0, M=2, L=4, XL=6. For teen girls: S=10-12Y, M=12-14Y, L=14-16Y, XL=16-18Y. Buyer Reviews: Cici is 110lbs, 5'1"" wear M fits perfectly, Jessica is 112lbs,5'3"" wear L fits perfectly. Luisa is 125lbs,5'5'' wear XL fits perfect. Nina is 145lbs,5'6'' choose 2XL which hugs everyone of curves. Dear customer may take these reviews as reference to select the ideal size for you. ‚ô• Fit for teen girls or women. Package include: 3 Pack Shorts. Features two front pockets for unlimited storage of your phone, keys and cash! Grab your essentials and GO!. ‚ô• Made from 100% cotton, the soft sports shorts with nice breathability, which are skin-friendly and indeformable, elastic and smooth, very comfortable for you to wear. Suitable for running, dancing, yoga, cycling, playing ball games, hiking, walking, exercise, home, daily wear and so on.. ‚ô• Clothing Length: Regular (Size runs smaller than your major US brand shorts size. Please order at least one size up. Beauty_yoyo suggest you choose a bigger size than usual, if you are not very thin). ‚ô• These shorts set is Asian size and runs smaller than US. Dear customer may take the reviews as reference to select the ideal size for you.. ",https://m.media-amazon.com/images/I/61zCoK5k5mL.__AC_SY445_SX342_QL70_FMwebp_.jpg,Sport Equipment
437,LUCKYCATCUS Women's Bermuda Shorts Jersey Shorts with Pockets Yoga Walking Athletic Long Shorts for Women Knee Length,19.99,4.0,2230,"LUCKYCATCUS Women's bermuda shorts is soft, breathable and stretchy. These long shorts for women is designed for sweat wicking. It can keep you dry and comfortable.. The elastic waistband with adjustable drawcord to customize fit.. Two Side Pockets and One Butt Pocket: Two deep pockets can hold your phone, keys, cards or wallet securely. The small butt pocket make it looks more fashionable.. Perfect Length: Approx 10"" Inseam knee length. They don't ride up. These are a must have bermuda shorts in your wardrobe. It is easy to pair with any tops. It will never be out of fashion. There are different colors available.. Perfect for casual summer, walking, running, lounge, hiking, yoga , gym and other acclivities.. ",https://m.media-amazon.com/images/I/71F2Xs+gaaL._AC_SX342_SY445_.jpg,Sport Equipment
444,adidas Unisex Defender 4 Large Duffel Bag,44.0,4.5,2200,Lifetime warranty.. Water resistant base material.. Extra roomy main compartment that stands tall for easy packing.. 2 zippered end pockets with space for your team's branding and a zippered outside pocket to stash the little stuff.. Durable material - built to stand up to wear and tear.. ,https://m.media-amazon.com/images/I/713VZOofY0S.__AC_SY445_SX342_QL70_FMwebp_.jpg,Sport Equipment
440,G4Free Women's UPF 50+ UV Shirts Long Sleeve Workout Sun Shirt Outdoor Gym Hiking Tops Quick Dry Lightweight,15.98,4.5,1992,"„ÄêUV Protection„Äë The fabric rating UPF 50+ protects your skin from the harmful UVA/UVB rays. „ÄêHigh Side Slits, hip length„Äë High Side Slits make your legs look slender. High low rounded hem intended to cover your hip. „ÄêSoft & Breathable„ÄëRelaxed fit style, ultra soft, lightweight, breathable running shirts which provide superior next-to-skin feel and extreme comfort. „ÄêCool & Dry„ÄëQuick-Drying fabric actively wicks moisture away from the skin, keeping you cool and dry, comfy and fresh all-day. „ÄêOccasion„ÄëG4Free women's long sleeve tee shirts are designed for outdoor sports. Perfect for a day of workout, hiking, running, camping, outdoor yoga, fishing. ",https://m.media-amazon.com/images/I/51bo2XiKutL.__AC_SY445_SX342_QL70_FMwebp_.jpg,Sport Equipment
254,New Balance Men's 608 V5 Casual Comfort Cross Trainer,49.86,4.5,76395,Leather upper. ABZORB midsole cushioning aids in absorbing forceful impacts. Premium PU comfort insert. ,https://m.media-amazon.com/images/I/71H9AI109eL.__AC_SY395_SX395_QL70_ML2_.jpg,Sport Shoes
253,Under Armour Men's Charged Assert 9 Running Shoe,49.95,4.5,58727,"Lightweight mesh upper with 3-color digital print delivers complete breathability. Durable leather overlays for stability & that locks in your midfoot. EVA sockliner provides soft, step-in comfort. Charged Cushioning midsole uses compression molded foam for ultimate responsiveness & durability. Solid rubber outsole covers high impact zones for greater durability with less weight. Offset: 10mm. ",https://m.media-amazon.com/images/I/414egjgn-uL.__AC_SX395_SY395_QL70_ML2_.jpg,Sport Shoes
203,Skechers Men's Go Max-Athletic Air Mesh Slip on Walking Shoe Sneaker,55.4,4.5,51455,Skechers go Walk max midsole and outsole for high level cushioning and support. 5Gen sole - proprietary lightweight injection-molded compound with memory retention helps absorb impact. Goga max technology insole for maximum support and cushioning. Combines a proprietary 'squish' Component with our exclusive material. Super Lightweight mesh fabric upper for ideal fit. ,https://m.media-amazon.com/images/I/81KIIZntztL.__AC_SY395_SX395_QL70_ML2_.jpg,Sport Shoes
283,PUMA Men's Tazon 6 Sneaker,40.32,4.5,50828,"CONTEMPORARY DESIGN: Seasonal fracture graphic on this Tazon Cross-Trainer for a modern look.. RELIABLE PADDING: Stable cushioning for running and training needs.. SMOOTH AND SNUG: Sleek, streamlined silhouette with synthetic leather upper and midfoot saddle for maximum fit and comfort.. SHOCK ABSORPTION: EVA in the heel absorbs impact for added support and comfort.. ",https://m.media-amazon.com/images/I/71DcbPOGQdL.__AC_SX395_SY395_QL70_ML2_.jpg,Sport Shoes
197,Skechers Men's Energy Afterburn,54.42,4.5,49681,Cushioned comfort insole. ,https://m.media-amazon.com/images/I/71PxkG+s4rL._AC_SX395_SY395_.jpg,Sport Shoes
259,Reebok Women's Princess Sneaker,43.14,4.5,41071,Synthetic leather upper for instant comfort. EVA midsole/lightweight cushioning. Soft terry lining/moisture absorption and comfort. Padded foam sockliner/comfort and cushioning. Padded foam sockliner adds cushion. ,https://m.media-amazon.com/images/I/51v69b5NpQL.__AC_SX395_SY395_QL70_ML2_.jpg,Sport Shoes
317,SIMARI Water Shoes Womens Mens Swim Pool Beach Aqua Socks Quick-Dry Barefoot Outdoor Surf Yoga Exercise SWS001,33.54,4.5,36426,"COMFORTABLE: Upper fabric is smooth and elastic that made of a diving material with breathable and quick-dry ability. Like socks, it makes you feel great soft snugly in wearing.. PROTECTIVE: The sole‚Äôs texture design inspiration is from mango, and it‚Äôs made of TPR materials with excellent non-slip ability that help you keep balance in slippery place and it also can protect your feet from hot beach, grit on land or in water.. PORTABILITY: SIMARI water shoes is lightweight and compressible, really convenient to carry when you go out. Smooth shoes neckline designed would take care of your ankles and easily to wear or take off.. VARIOUS STYLE AND SIZE: SIMARI water shoes is a variety of styles like multiple prints and colorful, the style design also keep updating in latest fashion. Our water shoes have various size suited for big kids, Mens or Womens, the product description has a size chart as reference.. Occasions: Perfect for beach games, swimming, surfing, pool, sailing, water park, boating, kayaking, beach volleyball, fishing, walking, car-washing, vacation,Pilates and yoga etc. Especially for family outings!. ",https://m.media-amazon.com/images/I/818C9mchKXL.__AC_SX395_SY395_QL70_ML2_.jpg,Sport Shoes
211,PUMA Men's 8 Pack Low Cut Socks,13.99,4.5,33016,Arch Support. Moisture Wicking. Cushioned Footbed. Mesh Ventilation. Low Cut Sock. Half Terry Blend. ,https://m.media-amazon.com/images/I/81M9mOv4YJS.__AC_SY445_SX342_QL70_ML2_.jpg,Sport Shoes
256,Skechers Mens Afterburn M fit Wonted,56.0,4.5,32691,Slip-on. Skechers Memory Foam comfort insole. Flexible rubber traction outsole. Articu-Lyte shock-absorbing supportive flexible midsole. Skechers logo detail. 1 1/2 inch heel. ,https://m.media-amazon.com/images/I/81vwysuIHvL.__AC_SY445_SX342_QL70_ML2_.jpg,Sport Shoes
234,Rockport Mens Eureka Walking Shoe,69.95,4.5,26471,"GENUINE LEATHER: Leather upper is easy to clean and maintain, so these walking shoes for men look and feel even better with time. FATIGUE-FIGHTING FOOTBED: Latex foam footbed generously cushions the foot to help reduce foot fatigue as you stand and walk. BREATHABLE LINING: Moisture-wicking mesh lining offers breathability to create extra-comfortable walking shoes for men. IMPACT-ABSORBING: EVA midsole provides flexible, lightweight impact absorption. STABILITY AND TRACTION: Rubber outsole offers long-wearing durability, and helps to maintain a sure stride on a variety of surfaces. A STABLE STRIDE: San Crispino construction provides a wide base of support for all-day stability. ",https://m.media-amazon.com/images/I/618B2otxdxL.__AC_SX395_SY395_QL70_ML2_.jpg,Sport Shoes
292,SIMARI Water Shoes Womens Mens Swim Beach Pool Aqua Sports Quick Dry Barefoot Diving Surf Walking,33.37,4.5,23831,"BREATHABLE FABRIC: Upper is made of mesh material with elastic, like socks that snug your skin softly that keep breathable and quick-dry experience.. PROTECTIVE SOLE: The soles is made of rubber materials with bump texture design that easily keep balance in slippery place and protect your feet from hot beach, grit on land or in water.. CONVENIENT WEARING: The elastic-shoelace with locking mechanisms can quickly adjust the loose, and elastic shoes neckline allows you easily to put on and take off.. DRAINAGE DESIGN: Each sole has 8 holes to ensure well in drainage that keep feet-feeling cool even in water.. OCCASIONS: SIMARI water shoes perfectly suit for beach or water games like swimming, kite surfing, pool, sailing, kayaking, beach volleyball etc. Especially for family outings!. ",https://m.media-amazon.com/images/I/81LWxkuqwJL.__AC_SX395_SY395_QL70_ML2_.jpg,Sport Shoes
276,ASICS Men's Gel-Venture 8 Running Shoes,54.95,4.5,23329,GEL Technology: Cushioning provides excellent shock absorption. Re-engineered outsole lugs for better off-road traction:. Reduced amount of overlays around the forefoot without sacrificing durability:. ,https://m.media-amazon.com/images/I/61lSWQAF3fL.__AC_SX395_SY395_QL70_ML2_.jpg,Sport Shoes
